GrLivArea,GarageArea,LotArea,YearBuilt,YrSold
1710,548,8450,2003,2008
1262,460,9600,1976,2007
1786,608,11250,2001,2008
1717,642,9550,1915,2006
2198,836,14260,2000,2008
1362,480,14115,1993,2009
1694,636,10084,2004,2007
2090,484,10382,1973,2009
1774,468,6120,1931,2008
1077,205,7420,1939,2008
1040,384,11200,1965,2008
2324,736,11924,2005,2006
912,352,12968,1962,2008
1494,840,10652,2006,2007
1253,352,10920,1960,2008
854,576,6120,1929,2007
1004,480,11241,1970,2010
1296,516,10791,1967,2006
1114,576,13695,2004,2008
1339,294,7560,1958,2009
2376,853,14215,2005,2006
1108,280,7449,1930,2007
1795,534,9742,2002,2008
1060,572,4224,1976,2007
1060,270,8246,1968,2010
1600,890,14230,2007,2009
900,576,7200,1951,2010
1704,772,11478,2007,2010
1600,319,16321,1957,2006
520,240,6324,1927,2008
1317,250,8500,1920,2008
1228,271,8544,1966,2008
1234,484,11049,2007,2008
1700,447,10552,1959,2010
1561,556,7313,2005,2007
2452,691,13418,2004,2006
1097,672,10859,1994,2009
1297,498,8532,1954,2009
1057,246,7922,1953,2010
1152,0,6040,1955,2008
1324,440,8658,1965,2006
1328,308,16905,1959,2007
884,504,9180,1983,2007
938,308,9200,1975,2008
1150,300,7945,1959,2006
1752,576,7658,2005,2010
2149,670,12822,2003,2009
1656,826,11096,2006,2007
1452,0,4456,1920,2009
955,386,7742,1966,2007
1470,388,13869,1997,2007
1176,528,6240,1934,2006
816,516,8472,1963,2010
1842,894,50271,1981,2006
1360,572,7134,1955,2007
1425,576,10175,1964,2008
1739,480,2645,1999,2009
1720,565,11645,2004,2006
2945,641,13682,2006,2006
780,352,7200,1972,2008
1158,576,13072,2004,2006
1111,288,7200,1920,2007
1370,484,6442,2006,2007
1710,480,10300,1921,2010
2034,645,9375,1997,2009
2473,852,9591,2004,2007
2207,576,19900,1970,2010
1479,558,10665,2003,2007
747,220,4608,1945,2010
2287,667,15593,1953,2006
2223,516,13651,1973,2007
845,360,7599,1982,2007
1718,427,10141,1998,2009
1086,490,10200,1954,2010
1605,379,5790,1915,2010
988,297,1596,1973,2009
952,283,8475,1956,2008
1285,240,8635,1948,2008
1768,0,10778,1968,2010
1230,440,10440,1910,2009
2142,509,13000,1968,2009
1337,405,4500,1998,2006
1563,758,10206,2007,2008
1065,461,8892,1960,2007
1474,400,8530,1995,2009
2417,462,16059,1991,2006
1560,400,11911,2005,2009
1224,528,3951,2009,2009
1526,0,8470,1915,2009
990,0,8070,1994,2007
1040,420,7200,1950,2006
1235,480,8500,1961,2006
964,432,13360,1921,2009
2291,506,7200,1910,2007
1786,684,9337,1997,2007
1470,420,9765,1993,2009
1588,472,10264,1999,2006
960,432,10921,1965,2007
835,366,10625,1920,2010
1225,0,9320,1959,2010
1610,480,10603,1977,2010
1732,476,9206,1985,2010
1535,410,7018,1979,2009
1226,740,10402,2009,2010
1818,240,7758,1931,2007
1992,648,9375,2003,2008
1047,273,10800,1885,2007
789,250,6000,1948,2008
1517,0,8500,1919,2007
1844,546,11751,1977,2010
1855,325,9525,1954,2006
1430,400,7750,2000,2010
2696,792,9965,2007,2007
2259,450,21000,1953,2007
2320,180,7259,1945,2007
1458,440,3230,1999,2007
1092,288,11616,1962,2009
1125,430,8536,2006,2007
3222,594,12376,1990,2010
1456,390,8461,2005,2006
988,540,21453,1969,2006
1123,264,6060,1939,2007
1080,288,9464,1958,2008
1199,530,7892,1993,2008
1586,435,17043,1979,2009
754,0,6780,1935,2006
958,440,4928,1976,2007
840,0,4388,1930,2007
1348,453,7590,1966,2006
1053,750,8973,1958,2006
2157,487,14200,1966,2006
2054,390,12224,2000,2009
1327,624,7388,1959,2007
1296,471,6853,2001,2009
1721,440,10335,1968,2006
1682,530,10400,1970,2008
1214,318,10355,1967,2007
1959,766,11070,1988,2006
1852,660,9066,1999,2008
1764,470,15426,1997,2009
864,0,10500,1971,2010
1734,660,11645,2005,2006
1385,720,8520,1952,2010
1501,577,10335,1999,2009
1728,504,9100,1963,2006
1709,380,2522,2004,2006
875,180,6120,1931,2009
2035,434,9505,2001,2010
1080,0,7500,2004,2008
1344,240,6240,1936,2006
969,440,10356,1975,2007
1710,866,13891,2007,2008
1993,495,14803,1971,2006
1252,564,13500,1960,2008
1200,312,11340,1923,2006
1096,0,9600,1924,2008
1040,625,7200,1950,2006
1968,680,12003,2009,2010
1947,678,12552,2004,2010
2462,576,19378,2005,2006
1232,516,11120,1984,2008
2668,726,13688,2003,2008
1541,532,12182,2005,2010
882,0,5500,1956,2007
1616,216,5400,1926,2007
1355,0,10106,1940,2008
1867,303,10708,1955,2009
2161,789,10562,2007,2007
1720,440,8244,2004,2007
1707,511,16669,1981,2006
1382,660,12358,1941,2007
1656,528,31770,1960,2010
1767,504,5306,1987,2006
1362,504,10197,1961,2008
1651,616,12416,1986,2008
2158,576,12615,1950,2007
2060,521,10029,1988,2007
1920,451,13650,1958,2006
2234,1166,17423,2008,2009
968,480,8520,1923,2007
1525,440,2117,2000,2007
1802,216,7588,1920,2006
1340,252,9060,1957,2007
2082,484,11426,2003,2008
1252,576,7438,1908,2006
3608,840,22950,1892,2006
1217,497,9947,1990,2009
1656,180,10410,1916,2009
1224,528,7018,1979,2009
1593,682,4923,2001,2008
2727,440,10570,1932,2007
1479,484,7472,1972,2007
1431,666,9017,1999,2009
1709,380,2522,2004,2006
864,352,7180,1972,2008
1456,440,2280,1976,2009
1726,786,9416,2007,2007
3112,795,25419,1918,2006
2229,0,5520,1912,2009
1713,856,9591,2004,2009
1121,440,8546,2003,2010
1279,473,10125,1977,2008
1310,398,7000,1924,2006
848,420,4438,2004,2008
1284,240,3500,1947,2009
1442,500,11851,1990,2009
1696,349,13673,1962,2007
1100,312,12493,1960,2008
2062,454,14364,1988,2007
1092,504,8250,1964,2008
864,0,5604,1925,2008
1212,460,10420,2009,2010
1852,644,8640,2009,2009
990,576,13568,1995,2006
1392,299,10900,1977,2010
1236,447,10011,1957,2006
1436,484,8450,2004,2008
1328,210,9906,1925,2006
1954,431,15660,1939,2008
1248,438,3010,2005,2006
1498,675,8990,2006,2006
2267,390,8068,2002,2009
1552,434,11475,1975,2006
864,576,10500,1971,2009
2392,968,13472,2003,2009
1302,280,1680,1971,2009
2520,721,9950,1995,2007
987,280,1869,1970,2008
912,336,8521,1967,2010
1555,430,3182,2005,2009
1194,312,8760,1959,2010
2794,810,15138,1995,2009
987,288,1680,1972,2006
894,308,10650,1976,2010
1960,440,7851,2002,2010
987,264,1680,1971,2008
1414,494,8773,2004,2010
1744,457,9453,1993,2010
1694,818,12030,2007,2007
1487,220,8741,1945,2010
1566,750,9000,2008,2010
866,0,3880,1945,2007
1440,352,5000,1900,2006
1217,288,10762,1980,2009
2110,463,8880,1994,2010
1872,604,10400,1988,2006
1928,440,9142,1910,2006
1375,451,11310,1954,2006
1668,500,11317,2003,2007
2144,389,159000,1958,2007
1306,0,5350,1940,2010
1625,538,4750,2006,2007
1640,520,8366,2004,2008
1302,309,9350,1964,2007
1314,294,8400,1957,2010
2291,429,8738,1999,2006
1728,673,8791,2003,2008
1604,660,8814,2006,2009
1792,564,12435,2001,2008
882,308,12702,1956,2008
1382,884,19296,1962,2009
2574,868,9588,2007,2007
1212,492,8471,1977,2006
1316,484,5500,1929,2010
764,504,5232,1925,2008
1422,576,12090,1981,2008
1511,413,11207,1997,2006
2192,240,8400,1939,2008
778,924,6900,1940,2008
1113,504,7917,1976,2007
1939,1053,10728,2006,2006
1363,439,39104,1954,2008
2270,671,11764,1999,2010
1632,338,9600,1958,2009
816,264,8314,1982,2007
1548,672,7264,1925,2009
1560,573,9196,2003,2010
864,400,19138,1951,2010
2121,732,14450,2006,2007
2022,505,10005,1977,2008
1982,575,11287,1989,2007
1262,572,7200,2006,2006
1314,626,5063,2007,2009
1468,898,9612,2008,2009
1575,529,8012,1992,2007
1250,528,4251,2006,2007
1734,440,9786,1962,2006
858,0,8125,1971,2006
900,280,9819,1967,2010
1396,384,8730,1915,2007
1919,685,15611,2006,2006
1716,0,5687,1912,2008
1716,281,11409,1949,2009
2263,539,16659,1977,2006
1644,418,9600,1953,2009
1003,588,7937,1984,2006
1558,282,13710,1950,2007
1950,576,7399,1997,2007
1743,539,11700,1968,2007
1152,300,14000,1950,2009
1336,375,15750,1953,2006
2452,683,16226,1998,2007
1541,843,13704,2001,2006
894,552,9800,1972,2006
3493,870,18386,1880,2008
2000,888,10386,2004,2007
2243,746,13474,1990,2007
1406,0,7920,1920,2008
861,539,12342,1940,2009
1944,708,12378,2003,2006
1501,420,7685,1993,2006
972,240,8000,1948,2009
1118,410,7800,1939,2006
2036,513,215245,1965,2009
1641,546,9600,1925,2006
1432,432,7795,2004,2009
2353,484,13005,1980,2009
1959,1025,9000,2006,2007
2646,656,9900,1993,2009
1472,588,14115,1980,2009
2596,840,16259,2006,2006
2468,872,12099,2004,2007
2730,576,10380,1986,2007
1163,220,5820,1955,2006
2978,564,11275,1967,2010
803,360,5000,1941,2007
1719,473,10846,1993,2008
1383,292,11600,1960,2006
2134,441,11888,1916,2009
1192,189,6402,1920,2009
1728,352,10624,1964,2007
1056,308,8176,1958,2007
1629,880,10655,2003,2009
1358,484,8198,2004,2008
1638,472,9042,1998,2008
1786,529,164660,1965,2008
1922,676,14157,2005,2007
1536,532,9135,2002,2008
1621,440,14145,1984,2006
1215,297,12400,1958,2009
1908,431,14191,2002,2010
841,294,8400,1950,2009
1040,400,8544,1949,2006
1684,564,8849,2005,2008
1112,336,2592,1976,2010
1577,312,6435,1939,2006
958,301,12772,1960,2007
1478,498,17600,1960,2009
1626,474,2448,2003,2008
2728,706,20431,2005,2006
1869,617,7820,2007,2007
1453,445,5271,1986,2006
1111,200,9084,1941,2008
720,484,8520,1928,2010
1595,240,8400,1940,2006
1200,521,11249,1995,2007
1167,400,9248,1992,2009
1142,528,4224,1976,2007
1352,288,6930,1958,2006
1924,592,12011,1998,2006
912,470,7540,1978,2007
1505,240,9144,1940,2008
1922,672,7301,2003,2009
987,264,1680,1972,2009
1574,566,18800,1976,2006
1344,468,10690,1920,2009
1394,514,9500,1963,2009
1431,296,9150,1962,2008
1268,244,7800,1954,2010
1287,576,9830,1959,2010
1664,460,8121,2000,2006
1588,680,17120,1959,2008
752,264,7175,1984,2010
1319,270,10634,1953,2009
1928,434,8200,2003,2007
904,0,10020,1922,2009
914,576,8846,1996,2006
2466,610,11143,2004,2007
1856,834,11394,2010,2010
1800,463,8123,2000,2009
1691,308,5000,1924,2010
1301,572,7200,2006,2006
1797,639,9245,2006,2007
784,360,9000,1928,2009
1953,501,53107,1992,2007
1269,430,3182,2004,2010
1184,0,8410,1910,2006
1125,352,7200,1976,2009
1479,577,9382,1999,2008
2332,846,12474,2007,2008
1367,384,8405,1900,2008
1961,560,12209,2001,2009
882,294,8339,1959,2007
788,0,7446,1941,2006
1034,240,10134,1940,2007
1144,596,9571,1956,2010
894,600,7200,1972,2009
1812,264,7590,1962,2007
1077,338,8967,1920,2007
1550,438,8125,2006,2009
1288,500,14963,1996,2008
1310,400,8767,2005,2006
672,240,10200,1940,2008
2263,420,12090,1998,2006
1572,373,10364,1995,2007
1620,490,9991,1976,2009
1639,240,10480,1936,2008
1680,308,15576,1915,2008
2172,947,14154,2006,2007
2078,836,10800,2007,2008
1276,350,9571,1958,2009
1056,572,34650,1955,2006
1478,484,4403,2009,2010
1028,360,8960,1927,2010
2097,678,11228,1993,2008
1340,396,8899,2007,2007
1400,440,7844,1978,2006
2624,864,22420,1918,2007
1134,240,8160,1940,2007
1056,304,8450,1968,2010
1344,784,7060,1997,2008
1602,529,16635,1977,2009
988,520,21750,1954,2008
2630,696,9200,1998,2008
1196,297,9000,1956,2008
1389,240,3378,1946,2009
1644,569,12800,1989,2009
907,352,8593,1957,2008
1208,628,6762,2007,2007
1412,576,11457,1988,2009
987,264,1680,1971,2008
1198,0,5586,1920,2008
1365,440,1920,1971,2007
1604,470,10839,1997,2008
630,0,1890,1972,2008
1661,550,10667,1996,2009
1118,440,4400,1920,2006
904,180,6000,1926,2009
694,352,4280,1913,2007
1196,528,12354,1920,2009
2402,672,15431,2008,2009
1440,0,12108,1955,2008
1573,360,6240,1930,2008
1258,648,3922,2006,2007
1908,493,8750,1994,2008
1689,480,9855,1956,2009
1888,578,16492,1966,2010
1886,431,11214,1998,2006
1376,198,8600,1937,2006
1183,308,6000,1948,2007
813,270,5684,1930,2006
1533,576,70761,1975,2006
1756,422,9303,1996,2007
1590,676,9000,2008,2009
1728,560,9297,1976,2006
1242,528,9600,1973,2007
1344,513,4571,1916,2008
1663,529,53227,1954,2008
1666,228,5100,1925,2008
1203,352,7015,1950,2009
1935,552,8004,2009,2009
1135,576,7200,1936,2009
864,360,8281,1965,2009
1660,240,11988,1934,2008
1040,0,8430,1978,2009
1414,398,3072,2004,2006
1277,526,10628,1970,2007
1644,312,9480,1942,2007
1634,866,11428,2006,2007
1710,506,9291,1993,2008
1502,528,6820,1985,2010
1969,534,11952,1977,2007
1072,525,3675,2005,2008
1976,908,14977,2006,2007
1652,499,5330,2000,2007
970,624,8480,1963,2007
1493,508,13125,1997,2008
2643,694,13693,2006,2007
1718,826,10637,2007,2009
1131,672,5925,1937,2007
1850,772,16033,2004,2006
1792,874,11846,2003,2006
1826,164,2500,1915,2009
1216,402,4500,1998,2006
999,264,7758,1962,2007
1113,264,9600,1950,2009
1073,515,10289,1965,2007
1484,487,12243,1971,2007
2414,520,10800,1900,2006
630,286,1526,1970,2009
1304,336,2665,1976,2008
1578,240,9490,1941,2006
1456,429,15578,2006,2006
1269,308,7931,1960,2008
886,273,5784,1938,2009
720,0,7879,1920,2009
3228,546,12692,1992,2007
1820,240,9120,1925,2008
899,288,7800,1967,2009
912,297,7535,1958,2007
1218,264,1890,1973,2007
1768,603,9803,2005,2008
1214,461,9170,1965,2007
1801,484,15602,1959,2010
1322,440,2308,1974,2009
1960,400,7596,1952,2009
1911,471,9554,1993,2006
1218,676,7862,2009,2009
1378,360,9600,1928,2008
1041,270,9600,1959,2009
1363,288,14559,1951,2009
1368,474,6792,2005,2006
864,624,9100,1958,2006
1080,484,9187,1983,2007
789,200,10594,1926,2007
2020,900,12220,2009,2009
2119,583,10448,1972,2009
2344,889,10208,1996,2009
1796,546,9531,1998,2007
2080,282,10918,1926,2009
1294,0,10800,1900,2008
1244,336,11988,1957,2007
1664,420,5000,1947,2006
4676,884,40094,2007,2007
2398,834,11787,1996,2007
1266,453,7500,2005,2006
928,252,13300,1956,2007
2713,858,14948,2008,2008
605,0,9098,1920,2007
2515,484,32668,1957,2007
1509,600,10200,1988,2008
1362,502,6155,1920,2008
827,392,7200,1955,2010
334,0,5000,1946,2007
1414,403,9056,2004,2006
1347,0,7000,1910,2008
1724,527,8924,1998,2008
864,576,12735,1972,2008
1159,336,11553,1968,2006
1601,670,11423,2001,2010
1838,765,14601,2006,2009
2285,648,11000,2000,2007
1680,583,10140,1998,2009
767,367,4058,1998,2007
1496,426,17104,2006,2006
2183,786,13837,1988,2006
1635,440,8737,1923,2007
768,624,7244,1970,2007
825,720,8235,1955,2008
2094,615,9375,2003,2009
1069,440,4043,1977,2008
928,288,6000,1957,2008
1717,908,11146,2006,2009
1126,520,8777,1949,2009
2046,871,10625,2003,2008
1048,280,6380,1922,2006
1092,299,14850,1957,2006
1336,570,11040,1920,2006
1446,406,21872,1996,2008
1557,420,3196,2003,2006
1392,528,11341,1957,2010
1389,418,10010,1974,2006
996,0,13907,1940,2008
1674,396,21780,1918,2008
2295,590,13346,1992,2006
1647,216,6858,1915,2010
2504,656,11198,2005,2008
1535,532,10171,2004,2010
2132,612,12327,1983,2009
943,600,7032,1979,2006
1728,576,13101,1965,2008
864,288,7332,1959,2006
1692,650,13159,2009,2009
1430,400,9967,2000,2007
1109,288,10500,1971,2007
1216,336,8480,1947,2008
1477,216,6292,1928,2009
1320,564,11777,1966,2006
1392,540,3604,2007,2008
1795,352,12150,1954,2008
1429,572,14585,1960,2007
2042,1390,12704,2008,2009
816,0,11841,1990,2007
2775,880,13500,1893,2008
1573,240,6120,1935,2009
2028,880,11443,2005,2006
838,275,10267,1918,2008
860,528,8740,1982,2009
1473,452,25095,1968,2009
935,308,9100,1930,2008
1582,520,8320,2004,2008
2296,842,13478,2008,2009
816,816,6600,1982,2008
848,420,4435,2003,2009
924,280,7990,1975,2008
1826,758,11302,2005,2006
1368,216,3600,1910,2006
1402,648,3922,2006,2007
1647,621,12984,1977,2006
1556,452,1950,1980,2008
1904,736,10927,2005,2006
1375,544,9000,1937,2007
1915,506,10041,1992,2006
1200,480,3182,2004,2010
1494,530,12803,2002,2008
1986,486,13600,1965,2009
1040,576,12464,1996,2009
2008,230,7800,1948,2006
3194,380,12168,1934,2007
1029,261,7943,1961,2007
2153,736,11050,2000,2009
1032,564,10395,1978,2007
1872,531,11885,2001,2009
1120,0,8402,2007,2007
630,0,1491,1972,2010
1054,480,8800,1963,2010
1509,393,7861,2002,2006
832,528,7227,1954,2008
1828,774,11694,2007,2007
2262,749,12244,2003,2008
864,0,8248,1914,2008
2614,624,10800,1974,2008
980,484,7064,1977,2009
1512,440,2117,2000,2007
1790,484,10400,1972,2006
1116,440,10000,1962,2010
1422,286,12342,1960,2007
1520,364,9600,1955,2010
2080,504,11606,1969,2007
1350,520,9020,1964,2008
1750,240,9000,1880,2006
1554,627,4590,2006,2007
1411,544,11900,1977,2009
1056,260,9250,1954,2007
1056,576,6979,1980,2010
3395,0,10896,1914,2007
800,0,6120,1936,2009
1387,256,6000,1954,2009
796,0,8777,1910,2008
1567,648,3982,2006,2006
1518,588,12677,2003,2008
1929,650,7050,2001,2007
2704,538,13860,1972,2009
1620,462,10793,1969,2007
1766,478,9187,2009,2009
981,576,10530,1971,2007
1048,420,7200,1950,2008
1094,495,10452,1953,2008
1839,442,7700,1966,2010
630,0,1936,1970,2007
1665,562,8125,2007,2008
1510,296,9084,1940,2009
1716,512,8750,1996,2009
1469,216,10320,1906,2008
2113,839,10437,1995,2008
1092,264,1680,1971,2010
1053,312,10007,1959,2008
1502,270,7200,1931,2008
1458,330,17503,1948,2010
1486,480,9937,1964,2009
1935,550,12384,1976,2007
2448,711,46589,1994,2009
1392,576,13560,1968,2009
1181,588,10012,1972,2008
2097,1134,20896,2005,2006
1936,504,11194,2000,2006
2380,596,18450,1965,2007
1679,575,8125,1994,2008
1437,576,14175,1956,2006
1180,252,11600,1922,2006
1476,540,8633,2005,2009
1369,300,6629,1925,2009
1208,546,11250,1977,2006
1839,416,14442,1957,2007
1136,384,9200,1965,2008
1441,440,2289,1978,2009
1774,779,9600,1900,2006
792,240,9022,1924,2009
2046,834,11844,2008,2009
988,572,9945,1961,2007
923,264,8012,1980,2010
1520,281,4500,1932,2009
1291,431,2887,1996,2008
1668,702,11248,2002,2007
1839,486,16770,1998,2010
2090,577,5062,1984,2007
1761,578,10207,2007,2007
1102,480,5105,2004,2007
1419,567,8089,2007,2007
1362,460,7577,2005,2007
848,420,4426,2004,2008
4316,832,21535,1994,2007
2519,628,26178,1989,2006
1073,326,5400,1921,2006
1539,576,6120,1936,2009
1137,551,13811,1987,2006
616,205,6000,1921,2006
1148,308,6420,1952,2006
894,336,8450,1965,2010
1391,530,4282,2004,2008
1800,765,14331,2002,2006
1164,528,9600,1969,2006
2576,666,12438,2006,2006
1812,672,7630,1900,2010
1484,606,8400,2004,2010
1092,0,5600,1930,2010
1824,739,115149,1971,2007
1324,550,6240,2006,2009
1456,400,9018,2007,2007
904,408,7162,1966,2008
729,0,4130,1935,2008
1178,384,8712,1900,2010
1228,472,4671,1988,2008
960,576,9873,1970,2006
1479,475,13517,1976,2010
1350,478,10140,1974,2009
2554,704,10800,1890,2007
1178,439,10000,1973,2008
2418,983,10542,1993,2008
971,300,9920,1969,2006
1742,564,6563,1985,2006
848,420,4426,2004,2010
864,463,8120,1970,2009
1470,548,8172,1954,2008
1698,768,13286,2007,2009
864,660,6960,1970,2009
1680,540,21695,1988,2009
1232,632,7314,2007,2009
1776,888,11475,1958,2009
1208,539,6240,1925,2009
1616,608,5389,1995,2010
1146,438,9590,2003,2007
2031,541,11404,1998,2008
1144,264,10000,1961,2009
948,300,8978,1968,2007
1768,320,10800,1914,2006
1040,400,8544,1950,2006
1801,800,10463,2005,2006
1200,0,10800,1987,2009
1728,572,9313,2004,2009
1432,360,9600,1910,2007
912,288,6768,1961,2008
1349,539,8450,2000,2007
1464,480,12886,1963,2009
1337,462,5395,1993,2008
2715,831,8963,1976,2008
2256,554,8795,2000,2009
2640,864,11700,1880,2009
1720,527,10593,1996,2010
1529,240,8405,1945,2009
1140,0,8800,1910,2010
1320,400,7750,2003,2007
1494,576,9236,1997,2006
2098,878,10240,2005,2006
1026,440,7930,1969,2009
1471,440,3230,1999,2009
1768,578,10769,2007,2009
1386,440,11616,1978,2010
1501,440,2280,1999,2008
2531,752,12257,1995,2007
864,300,9100,1959,2009
1301,440,6911,1924,2009
1547,614,8640,2009,2010
2365,856,9430,1999,2009
1494,481,9549,1995,2006
1506,592,14587,2008,2008
1714,496,10421,1988,2010
1750,423,12508,1940,2008
1836,484,9100,2004,2006
3279,841,53504,2003,2010
858,576,7252,1982,2009
1220,396,8877,1951,2006
1117,672,7819,1976,2010
912,275,10150,1958,2007
1973,895,14226,2006,2007
1204,412,4500,1998,2009
1614,865,11210,2005,2006
894,440,13350,1974,2006
2020,630,8400,1977,2007
1004,504,10530,1977,2006
1253,402,7875,1995,2007
1603,484,7153,1992,2006
1430,605,16285,2001,2009
1110,602,9101,1978,2009
1484,0,6300,1914,2008
1342,457,9790,1967,2009
1652,416,10800,1915,2010
2084,618,10142,2004,2010
901,281,6000,1954,2008
2087,444,12205,1966,2007
1145,397,3182,2005,2009
1062,539,11333,1976,2007
2013,455,9920,1996,2007
1496,474,9158,2007,2007
1895,409,10832,1994,2008
1564,476,8400,1980,2010
1285,528,8197,1977,2007
773,240,7677,1953,2008
3140,820,13518,2008,2009
1768,240,7200,1937,2007
1688,603,12798,1997,2008
1196,440,4800,1916,2007
1456,410,8199,2005,2008
2822,1020,13891,2008,2009
1128,286,9000,1954,2006
1428,554,12274,2008,2008
980,384,9750,1967,2006
1576,528,21384,1923,2009
1086,484,13400,1966,2006
2138,360,8100,1898,2009
1309,484,10140,1974,2006
848,420,4438,2004,2008
1044,504,8712,1952,2010
1442,301,9750,1958,2007
1250,280,8248,1918,2006
1661,598,12137,1998,2010
1008,275,11425,1954,2006
1689,857,13265,2002,2008
1052,440,8816,1971,2010
1358,484,6371,2009,2010
1640,595,7226,2003,2008
936,576,6000,1953,2009
1733,433,12394,2003,2007
1489,240,9900,1940,2009
1489,776,11216,2006,2006
2084,1220,14803,2007,2008
784,0,6130,1924,2008
1434,527,8529,2001,2009
2126,538,28698,1967,2009
1223,480,2544,2005,2006
1392,458,11900,1957,2008
1200,480,3180,2005,2006
1829,613,9548,2003,2010
1516,472,10004,1964,2009
1144,456,7875,1961,2008
1067,436,9600,1950,2010
1559,812,8100,1948,2007
987,264,1680,1973,2008
1099,352,9525,1995,2008
1200,240,11767,1946,2008
1482,400,12155,1925,2008
1539,686,10440,1904,2008
1165,490,9020,1966,2008
1800,0,8000,1961,2007
1416,720,12665,1915,2008
1701,611,16647,1975,2007
1775,425,9317,1993,2009
864,338,15523,1972,2009
2358,360,45600,1908,2008
1855,512,9600,1976,2007
848,420,4435,2003,2007
1456,400,3196,2003,2006
1646,240,7128,1941,2007
1445,645,12095,1964,2009
1779,454,17920,1955,2006
1040,260,6897,1962,2010
1026,576,10970,1978,2008
1481,343,8125,1994,2009
1370,479,10400,1976,2009
2654,619,11029,1968,2006
1426,216,7642,1918,2007
1039,504,11625,1965,2010
1097,480,9672,1984,2010
1148,672,7931,1959,2009
1372,529,8640,2007,2008
1002,902,8750,1970,2009
1646,870,10656,2006,2007
1120,544,6970,1961,2007
2320,672,14762,1948,2006
1949,574,9938,1993,2010
894,308,6600,1962,2009
1682,523,8750,1998,2010
910,414,8892,1953,2008
1268,288,12144,1949,2009
1131,200,5720,1941,2009
2610,550,9000,2007,2007
1040,648,25286,1963,2007
2224,738,8834,2004,2009
1155,576,11782,1961,2010
864,336,7000,1978,2009
1090,450,7024,2005,2007
1717,400,13758,1990,2007
1593,389,9636,1992,2009
2230,440,6204,1912,2006
892,288,7150,1967,2009
1709,506,5119,1999,2008
1712,588,8393,1959,2006
1393,300,16466,1955,2008
2217,621,15865,1970,2007
1505,505,12160,1953,2009
924,576,8064,1949,2007
1683,440,11184,1978,2009
1068,264,8414,1963,2006
1383,354,13284,1954,2008
1535,400,7018,1979,2009
1796,483,7056,1963,2008
951,327,8765,1936,2006
2240,528,7018,1979,2009
2364,820,12919,2009,2010
1236,288,6993,1961,2006
858,684,7340,1971,2007
1306,756,8712,1957,2009
1509,393,7875,2003,2006
1670,690,14859,2006,2006
902,288,6173,1967,2007
1063,280,9920,1954,2010
1636,865,13501,2006,2007
2057,180,11500,1936,2006
902,484,8885,1983,2006
1484,390,12589,2005,2009
2274,480,11600,1960,2010
1268,252,9286,1977,2009
1015,450,6120,1925,2006
2002,871,6270,1949,2007
1224,528,3000,2009,2009
1092,286,2001,1970,2007
480,308,9000,1949,2006
1229,284,17140,1956,2009
2127,833,13125,1991,2007
1414,601,11029,1958,2008
1721,471,8462,1994,2007
2200,0,8777,1900,2008
1316,397,10237,2005,2006
1617,533,8012,1993,2008
1686,612,10240,1980,2006
1126,540,15611,1977,2008
2374,656,11999,2003,2007
1978,486,9900,1968,2008
1788,522,11838,2001,2009
2236,642,13006,1997,2006
1466,610,8925,2007,2009
925,429,9100,1965,2009
1905,788,11670,2006,2007
1500,570,8487,2004,2009
2069,505,27650,1960,2008
747,528,5825,1926,2006
1200,555,10083,2003,2009
1971,689,9675,2005,2009
1962,868,8760,2006,2006
2403,349,24090,1940,2010
1728,574,12640,1976,2006
2060,390,8755,1999,2009
1440,0,7711,1977,2007
1632,576,25000,1967,2007
1344,525,14375,1958,2009
1869,456,8820,1890,2009
1144,796,8163,1959,2006
1629,808,14536,2002,2007
1776,474,14006,2002,2006
1381,676,9360,1972,2010
864,720,7200,1950,2007
965,300,7800,1965,2006
768,396,7200,1972,2009
1968,530,11075,1969,2008
980,0,9400,1975,2006
1958,492,7136,1946,2007
1229,462,1300,1980,2009
1057,576,7420,1962,2007
1337,531,8450,2003,2007
1416,484,2572,1999,2010
858,0,7207,1958,2010
2872,619,12227,1977,2008
1548,440,2308,1976,2007
1800,702,11923,2007,2009
1894,510,11316,2002,2010
1484,393,10237,2005,2007
1308,256,9600,1940,2009
1098,260,7390,1955,2008
968,0,5925,1910,2009
1095,264,10382,1958,2006
1192,0,10800,1949,2006
1626,474,2268,2003,2009
918,264,7892,1979,2010
1428,480,11639,2007,2008
2019,532,11414,1910,2009
1382,490,2651,2000,2006
869,0,5900,1923,2006
1241,569,4274,2006,2007
894,400,9450,1954,2007
1121,480,8816,1963,2009
999,588,12122,1961,2008
2612,676,12203,1998,2009
1266,388,3182,2007,2008
2290,779,11250,2002,2008
1734,539,10125,1977,2009
1164,240,10880,1950,2008
1635,255,5310,1910,2006
1940,606,10159,2009,2010
2030,551,12046,1976,2007
1576,614,8125,2006,2006
2392,870,9452,1997,2006
1742,424,17671,1882,2009
1851,440,9760,1964,2007
1500,564,8846,2005,2006
1718,786,12456,2006,2009
1230,305,4712,1946,2006
1050,368,10659,1961,2006
1442,615,11717,1970,2009
1077,210,9786,1922,2006
1208,632,6762,2006,2010
944,528,10206,1952,2009
691,216,5400,1920,2007
1574,824,11957,2006,2008
1680,528,11500,1976,2007
1504,457,3182,2005,2009
985,328,8385,1977,2008
1657,484,12155,1970,2007
1092,286,2217,1970,2009
1710,550,12118,2004,2009
1522,0,6000,1926,2006
1271,312,21286,1948,2008
1664,0,9825,1965,2010
1502,180,10592,1923,2007
1022,280,7200,1910,2009
1082,240,11664,1948,2007
1665,528,8400,2001,2009
1504,478,11883,1996,2009
1360,565,5814,1984,2009
1472,402,10784,1991,2007
1506,440,3013,2005,2006
1132,451,7024,2005,2008
1220,632,7406,2006,2006
1248,160,9439,1930,2007
1504,437,3182,2005,2008
2898,665,15498,1976,2008
882,461,7700,1972,2007
1264,461,9300,1960,2010
1646,800,9520,2007,2008
1376,240,9492,1941,2007
1218,264,1680,1972,2006
1928,0,7082,1916,2006
3082,672,15863,1920,2009
2520,796,14541,1993,2006
1654,900,8125,2002,2006
954,240,6305,1938,2007
845,290,11500,1957,2009
1620,912,12898,2007,2009
2263,905,9240,2001,2008
1344,0,1533,1970,2009
630,286,1477,1970,2009
1803,484,13125,1957,2006
1632,484,9130,1966,2008
1306,624,5381,2005,2009
2329,514,11839,1990,2008
2524,542,9600,1981,2009
1733,452,13680,1955,2009
2868,716,16056,2005,2006
990,672,9245,1994,2008
1771,336,21750,1960,2009
930,308,11100,1946,2010
1302,436,8993,2007,2007
1316,440,11175,2007,2007
1977,540,9500,1964,2007
1526,364,8562,1957,2010
1989,586,11367,2002,2006
1523,478,11361,1976,2008
1364,484,7052,2005,2006
1850,467,29959,1994,2009
2184,836,11308,2008,2009
1991,432,11275,1932,2007
1338,582,4920,2001,2010
894,1248,18000,1935,2008
2337,560,13600,1900,2007
1103,440,6000,1925,2006
1154,480,11000,1966,2009
2260,533,14000,1996,2010
1571,380,7837,1993,2009
1611,442,9760,1964,2008
2521,576,3964,1973,2006
893,576,9600,1949,2007
1048,286,10152,1956,2007
1556,441,11700,1968,2009
1456,280,7585,1948,2006
1426,440,7950,1977,2009
1240,826,8556,2006,2007
1740,240,13125,1940,2007
1466,566,10800,1936,2006
1096,299,15870,1969,2006
848,420,4435,2004,2006
990,299,8775,1994,2007
1258,528,11040,1971,2008
1040,308,7500,1963,2010
1459,527,8749,2002,2007
1251,461,8800,1964,2006
1498,409,13031,1995,2006
996,564,9069,1992,2010
1092,286,1974,1973,2010
1953,1043,10574,2005,2009
1709,380,2522,2004,2006
1247,550,3316,2005,2006
1040,400,8544,1950,2009
1252,462,2160,1999,2008
1694,576,8400,1925,2008
1200,884,9230,1965,2006
936,308,5868,1956,2010
1314,440,9317,2006,2007
1355,0,6882,1914,2007
1088,461,3696,1986,2007
1324,240,6000,1936,2009
1601,478,11880,1978,2009
438,246,8400,1920,2009
950,280,9758,1971,2007
1134,254,7000,1960,2007
1194,539,8910,1959,2006
1302,440,2016,1970,2007
2622,712,12256,1994,2010
1442,719,10357,1990,2007
2021,422,23257,2006,2006
1690,463,8063,2000,2007
1836,862,11362,2004,2009
1658,431,8000,1995,2008
1964,483,10480,1976,2008
816,308,7100,1957,2006
1008,240,8923,1953,2007
833,326,5400,1954,2006
1734,928,12085,2007,2007
1419,527,7750,2002,2009
894,450,9764,1967,2008
1601,300,13825,1958,2008
1040,286,7560,1959,2006
1012,308,8263,1920,2007
1552,782,10084,2005,2006
960,288,8926,1956,2009
698,0,9405,1947,2009
1482,392,9125,1992,2007
1005,672,10434,1955,2009
1555,660,3684,2007,2009
1530,630,14572,2004,2007
1959,434,11796,2004,2007
936,672,7200,1980,2007
1981,576,7804,1928,2009
974,0,10712,1991,2007
2210,205,9900,1880,2007
2020,466,9828,1995,2009
1600,460,8773,1997,2007
986,180,6180,1926,2007
1252,288,9600,1950,2008
1020,0,6342,1875,2010
1567,714,9819,1977,2009
1167,495,8731,1920,2007
952,840,7350,1951,2008
1868,484,10304,1976,2009
2828,1052,9965,2006,2007
1006,0,9000,1959,2008
924,280,12180,1941,2010
1576,225,6240,1928,2006
1298,403,11200,1985,2006
1564,234,12000,1941,2009
1111,288,5700,1926,2008
1482,324,9000,1920,2009
932,306,8280,1950,2007
1466,528,17755,1959,2006
1811,470,14115,1956,2006
816,432,5890,1930,2008
1820,492,13700,1965,2008
1437,528,10768,1976,2007
1265,502,9350,1965,2008
1314,626,5001,2007,2009
1580,830,11932,2007,2008
1876,540,9120,1974,2008
1456,440,2280,1978,2010
1640,924,14778,1954,2008
894,450,8724,1968,2007
1258,400,12900,1969,2008
1432,588,16157,1978,2007
1502,644,9541,2009,2009
1694,776,10475,2008,2010
1671,472,10852,2000,2006
2108,540,13728,1935,2008
3627,807,35760,1995,2006
1118,358,9880,1977,2008
1261,433,9120,1958,2008
1250,625,4017,2006,2008
3086,0,18030,1946,2007
2345,360,16560,1932,2006
2872,541,10678,1992,2007
923,264,6951,1984,2008
1224,210,3950,1926,2009
1343,186,7681,1921,2009
1124,0,8335,1954,2006
2514,693,11170,1990,2006
1652,482,5587,2008,2008
4476,813,15623,1996,2007
1130,720,10800,1920,2006
1572,995,35133,1963,2007
1221,392,9738,1924,2006
1699,420,10615,1900,2009
1624,757,12461,1994,2006
1660,493,8935,2002,2009
1804,442,7500,1999,2010
1622,1356,32463,1961,2007
1441,492,2645,1999,2007
1472,250,9600,1925,2007
1224,402,4500,1999,2009
1352,299,9364,1969,2010
1456,400,8029,2005,2008
1863,660,14054,2006,2006
1690,225,8850,1916,2006
1212,573,9100,2001,2009
1382,459,11235,1963,2006
864,280,9353,1970,2006
1779,546,10400,1998,2009
1348,216,6000,1925,2009
1630,451,9750,2000,2009
1074,495,10140,1975,2006
2196,701,14684,1990,2009
1056,384,8900,1966,2006
1700,544,9135,2003,2006
1283,506,7763,1962,2008
1660,500,10182,2006,2006
1845,462,11218,1992,2010
1752,492,12134,1988,2010
672,234,9340,1941,2009
960,364,10246,1965,2006
999,300,10205,1962,2006
894,384,7094,1966,2007
1902,539,8930,1978,2010
1314,552,8640,2009,2009
912,0,6240,1947,2006
1218,0,1680,1971,2006
912,288,7800,1964,2006
1211,322,8250,1968,2008
1846,315,10496,1949,2007
2136,528,10680,1951,2006
1490,388,15384,2004,2008
1138,264,10482,1958,2007
1933,668,14598,2007,2008
912,576,8872,1965,2008
1702,1052,8769,2008,2008
1507,404,7910,1960,2008
2620,600,18890,1977,2007
1190,540,7728,1962,2006
1224,462,9842,1962,2007
1188,531,12160,1959,2010
1964,0,8525,1911,2008
1784,180,13132,1914,2006
1626,474,2628,2003,2010
1948,434,12393,2004,2006
1141,484,13072,2005,2006
1484,472,9037,2006,2007
1768,543,8158,2003,2008
1689,954,9849,2007,2007
1173,528,10625,1974,2010
2076,850,13891,2006,2006
1517,400,11435,1929,2006
1868,477,12090,1984,2007
1553,615,8125,2005,2006
1034,888,12328,1976,2010
2058,396,9600,1917,2008
988,276,7200,1950,2007
2110,522,11160,1968,2010
1405,478,3136,2003,2006
874,288,9858,1968,2009
2167,518,17542,1974,2007
1656,397,6931,2003,2008
1367,560,6240,1931,2007
1987,691,14303,1994,2008
864,0,4060,1922,2009
1166,400,9587,2005,2008
1054,460,9750,1969,2008
1675,502,24682,1999,2009
1050,338,9600,1956,2009
1788,304,11250,1957,2009
1824,520,13515,1919,2007
1337,511,4060,1998,2008
1452,506,3735,1999,2006
1889,308,10120,1910,2007
2018,746,13214,2008,2010
3447,1014,14100,1935,2008
1524,315,11344,1958,2007
1524,586,23595,1979,2010
1489,462,9156,1968,2009
935,288,13526,1965,2006
1357,312,11512,1959,2008
1250,552,5362,1910,2007
1920,400,11345,1948,2007
1395,497,12936,1972,2009
1724,480,17871,1967,2009
2031,577,9473,2002,2008
1128,528,7500,1920,2010
1573,544,9808,2002,2009
1339,484,8049,1990,2006
1040,484,8800,1977,2009
1824,0,9400,1971,2010
2447,336,9638,1919,2010
1412,280,6000,1939,2009
1328,528,9790,1963,2010
1582,390,36500,1964,2006
1659,499,5664,2000,2009
1970,753,11065,2006,2006
1152,484,14112,1964,2010
1302,264,1680,1972,2009
2372,432,6600,1892,2009
1664,528,10140,1976,2006
864,572,8172,1955,2006
1052,288,8400,1968,2006
1128,525,8700,1963,2008
1072,525,3675,2005,2006
5642,1418,63887,2008,2008
1246,305,7500,1959,2010
1983,490,10762,1999,2009
1494,213,7500,1942,2009
2526,844,10120,1994,2006
1616,834,8688,2005,2006
1708,380,3363,2004,2006
1652,840,13173,2006,2009
1368,474,6955,2005,2006
990,480,8072,1994,2009
1122,528,12000,1948,2008
1294,496,7153,1991,2008
1902,567,17500,1959,2010
1274,508,8814,2005,2007
2810,750,9572,1990,2007
2599,779,14774,1999,2010
948,280,8190,1954,2007
2112,576,11075,1969,2008
1630,860,10226,2008,2009
1352,466,4230,2006,2007
1787,748,14781,2001,2006
948,248,10215,1954,2007
1478,442,8400,1957,2009
720,287,6627,1949,2008
1923,564,10186,1992,2010
708,0,5330,1940,2009
1795,895,9986,2006,2007
796,0,3636,1922,2008
774,0,4270,1931,2007
816,264,6600,1982,2008
2792,520,10440,1920,2008
1632,462,9084,1998,2006
1588,825,10000,2006,2007
954,576,10780,1976,2006
816,288,8877,1938,2009
1360,297,7200,1938,2006
1365,440,2368,1970,2009
1334,630,9650,1977,2009
1656,506,9246,1973,2008
693,0,4118,1941,2006
1861,492,13450,2002,2006
864,288,9560,1972,2006
872,480,8294,1971,2007
1114,576,13695,2003,2008
2169,647,9375,2002,2007
1913,342,7558,1928,2009
1456,440,11103,2006,2007
960,308,6000,1920,2007
2156,508,20781,1968,2006
1776,712,15306,2006,2007
1494,514,16196,1998,2007
2358,0,5250,1872,2008
2634,968,11643,1969,2009
1716,490,9247,1962,2008
1176,624,6000,1937,2009
3238,666,14720,1995,2010
1865,839,10316,2000,2008
1920,487,10192,1968,2006
892,264,9477,1966,2008
1078,500,12537,1971,2010
1573,440,2117,2000,2010
1980,770,16737,2004,2006
2601,621,9842,1921,2008
1530,430,16158,2005,2009
1738,368,12513,1920,2009
1412,432,8499,2006,2007
1200,480,3180,2005,2006
1674,663,7500,2000,2010
1790,588,9179,1999,2008
1475,336,2665,1977,2006
848,420,4435,2003,2009
1668,502,10635,2003,2010
1374,338,5400,1920,2009
1661,377,9600,1955,2008
2097,583,9750,1998,2006
2633,804,11400,2001,2007
1958,936,10625,2005,2008
1571,722,10991,2007,2007
790,160,6292,1930,2008
1604,660,10998,1941,2009
987,264,1953,1973,2006
1394,400,9735,2006,2008
864,200,8212,1914,2010
2117,550,12925,1970,2008
1762,576,7200,1920,2006
1416,576,25339,1918,2007
1258,280,9060,1939,2009
1154,240,5436,1922,2010
2784,564,16692,1978,2006
2526,216,8520,1916,2007
1746,758,14892,2006,2009
1218,440,6000,1941,2007
1525,541,9100,2000,2006
1584,792,8944,1967,2009
900,288,7838,1967,2006
1912,672,10800,1905,2008
1500,648,4045,2006,2006
2482,642,12665,2005,2007
1687,572,57200,1948,2010
1513,180,6120,1920,2007
1904,240,7200,1950,2009
1608,216,6171,1925,2009
1158,208,6000,1929,2008
1593,398,7415,2004,2008
1294,662,6762,2006,2006
1464,754,15256,2007,2007
1214,936,10410,1915,2006
1646,482,3842,2004,2008
768,396,8445,1972,2009
833,0,8780,1985,2009
1363,528,7740,1910,2010
2093,542,20544,1986,2008
1840,622,12420,2001,2009
1668,271,9600,1950,2009
1040,420,7200,1949,2009
1844,620,10994,2005,2009
1848,370,13053,1923,2008
1569,660,3635,2007,2009
2290,560,11340,1885,2010
2450,1069,16545,1998,2009
1144,336,9204,1963,2008
1844,540,16381,1969,2006
1416,776,11700,1968,2006
1069,440,4043,1977,2010
848,420,4435,2003,2008
2201,432,19690,1966,2006
1344,484,9503,1958,2007
1252,528,10721,1959,2008
2127,525,10944,1994,2008
1558,288,10930,1945,2008
804,240,7200,1940,2010
1440,467,12546,1981,2007
1838,372,21930,2005,2006
958,440,4928,1976,2009
968,216,10800,1927,2007
1792,451,10261,2000,2008
1126,484,17400,1977,2006
1537,462,8400,1962,2008
864,528,9000,1971,2007
1932,774,12444,2008,2008
1236,923,7407,1957,2010
1725,550,11584,1979,2007
2555,672,11526,1922,2008
848,420,4426,2004,2008
2007,812,11003,2008,2009
952,192,8854,1916,2009
1422,626,8500,2004,2007
913,240,8400,1966,2007
1188,312,26142,1962,2010
2090,556,10000,1995,2007
1346,384,11767,1910,2007
630,0,1533,1970,2006
1792,0,9000,1974,2009
1578,840,9262,2008,2009
1072,525,3675,2005,2006
1140,0,17217,2006,2006
1221,400,7500,2004,2009
1647,460,7917,1999,2007
2073,500,13175,1978,2010
2340,252,9042,1941,2010
1078,240,9717,1950,2010
1256,276,9937,1965,2008
